Gene_set,Term,Overlap,P-value,Adjusted P-value,Odds Ratio,Combined Score,Genes,label,origin_group,nominal_p_threshold_used
gs_ind_0,Spliceosome,6/148,2.9823165700509495e-05,0.018728948059919964,11.773550898522902,122.6830505176871,RNU1-1;RNU6-1;RNU4-1;RNU1-2;RNU6-9;RNU4-2,EXPLORATORY -- NOT FDR-CORRECTED,K562-origin,0.05
gs_ind_0,RNA transport,6/185,0.00010293312857586339,0.032076395871324215,9.338545944069562,85.74121539117027,RNU1-1;RNU6-1;RNU4-1;RNU1-2;RNU6-9;RNU4-2,EXPLORATORY -- NOT FDR-CORRECTED,K562-origin,0.05
gs_ind_0,heme Metabolism,6/199,0.00015323119046810929,0.032076395871324215,8.660030002434752,76.06591675487955,PC;RHCE;AQP3;XK;KLF1;LMO2,EXPLORATORY -- NOT FDR-CORRECTED,K562-origin,0.05
gs_ind_0,Complement and coagulation cascades,4/85,0.0003795722702126691,0.059592846423389044,14.100646658928868,111.06325755598884,F2RL3;PROS1;CFD;CR1L,EXPLORATORY -- NOT FDR-CORRECTED,K562-origin,0.05
gs_ind_0,Negative Regulation Of Cell Adhesion Mediated By Integrin (GO:0033629),2/9,0.0005551181288948563,0.06972283698919396,84.26211671612265,631.656601552376,MUC1;PDE3B,EXPLORATORY -- NOT FDR-CORRECTED,K562-origin,0.05
gs_ind_0,Transcriptional misregulation in cancer,5/189,0.000989125770022863,0.09059007302664955,7.640352385396966,52.8612225057665,NTRK1;MITF;CDKN2C;CEBPB;LMO2,EXPLORATORY -- NOT FDR-CORRECTED,K562-origin,0.05
gs_ind_0,Negative Regulation Of Intrinsic Apoptotic Signaling Pathway In Response To DNA Damage By P53 Class Mediator (GO:1902166),2/12,0.0010097619604881318,0.09059007302664955,60.182987141444116,415.14469225717187,ZNF385A;MUC1,EXPLORATORY -- NOT FDR-CORRECTED,K562-origin,0.05
gs_ind_0,Regulation Of Intrinsic Apoptotic Signaling Pathway In Response To DNA Damage By P53 Class Mediator (GO:1902165),2/13,0.0011902397195100237,0.09343381798153685,54.94839375564443,370.0005342596478,ZNF385A;MUC1,EXPLORATORY -- NOT FDR-CORRECTED,K562-origin,0.05
gs_ind_0,Negative Regulation Of Intrinsic Apoptotic Signaling Pathway By P53 Class Mediator (GO:1902254),2/16,0.0018168435019363344,0.09901459374815041,43.576690883045124,274.9974457847136,ZNF385A;MUC1,EXPLORATORY -- NOT FDR-CORRECTED,K562-origin,0.05
gs_ind_0,Protein Localization To Plasma Membrane (GO:0072659),4/133,0.002015101482284545,0.09901459374815041,8.864134404674946,55.02044209613892,FCHO2;P2RY1;MRAP2;TTC7B,EXPLORATORY -- NOT FDR-CORRECTED,K562-origin,0.05
gs_ind_0,Positive Regulation Of Transcription From RNA Polymerase II Promoter In Response To Stress (GO:0036003),2/17,0.0020537206766377183,0.09901459374815041,40.76433425863885,252.2538651489742,MUC1;CEBPB,EXPLORATORY -- NOT FDR-CORRECTED,K562-origin,0.05
gs_ind_0,Response To Metal Ion (GO:0010038),3/64,0.002151346216544432,0.09901459374815041,14.453755612182988,88.77007416505518,AQP3;MT1X;TESMIN,EXPLORATORY -- NOT FDR-CORRECTED,K562-origin,0.05
gs_ind_0,Coagulation,4/138,0.0023039828828021686,0.09901459374815041,8.533607957399779,51.825590729534085,APOC1;P2RY1;PROS1;CFD,EXPLORATORY -- NOT FDR-CORRECTED,K562-origin,0.05
gs_ind_0,Negative Regulation Of Lipid Catabolic Process (GO:0050995),2/18,0.0023044137011956024,0.09901459374815041,38.29286934628181,232.5498765339684,APOC1;PDE3B,EXPLORATORY -- NOT FDR-CORRECTED,K562-origin,0.05
gs_ind_0,Protein Localization To Cell Periphery (GO:1990778),4/139,0.002364998258315695,0.09901459374815041,8.47042983943353,51.22050283437155,FCHO2;P2RY1;MRAP2;TTC7B,EXPLORATORY -- NOT FDR-CORRECTED,K562-origin,0.05
gs_ind_0,Response To ATP (GO:0033198),2/20,0.002846798926826505,0.11173685787794031,34.15149570935921,200.18104458872412,P2RY1;CIB2,EXPLORATORY -- NOT FDR-CORRECTED,K562-origin,0.05
gs_ind_0,Regulation Of Supramolecular Fiber Organization (GO:1902903),2/23,0.0037612106901544406,0.13122446185649936,29.384100476157617,164.05185554131268,MAP1A;MAP1B,EXPLORATORY -- NOT FDR-CORRECTED,K562-origin,0.05
gs_ind_0,Regulation Of Lipid Catabolic Process (GO:0050994),2/23,0.0037612106901544406,0.13122446185649936,29.384100476157617,164.05185554131268,APOC1;PDE3B,EXPLORATORY -- NOT FDR-CORRECTED,K562-origin,0.05
gs_ind_0,Regulation Of Microtubule Depolymerization (GO:0031114),2/24,0.004092464516988839,0.1352667219299469,28.077481041872733,154.3870596026877,MAP1A;MAP1B,EXPLORATORY -- NOT FDR-CORRECTED,K562-origin,0.05
gs_ind_0,Negative Regulation Of Intrinsic Apoptotic Signaling Pathway In Response To DNA Damage (GO:1902230),2/25,0.004436762220694227,0.13931433372979873,26.882063261569545,145.6424595029474,ZNF385A;MUC1,EXPLORATORY -- NOT FDR-CORRECTED,K562-origin,0.05
gs_ind_0,Negative Regulation Of Lipid Metabolic Process (GO:0045833),2/26,0.004793996124362792,0.14100126837734372,25.784230606189062,137.69787181823793,APOC1;PDE3B,EXPLORATORY -- NOT FDR-CORRECTED,K562-origin,0.05
gs_ind_0,Regulation Of Microtubule Polymerization Or Depolymerization (GO:0031110),2/27,0.0051640591921638624,0.14100126837734372,24.772502472799207,130.45279925365872,MAP1A;MAP1B,EXPLORATORY -- NOT FDR-CORRECTED,K562-origin,0.05
gs_ind_0,Myeloid Cell Development (GO:0061515),2/27,0.0051640591921638624,0.14100126837734372,24.772502472799207,130.45279925365872,ZNF385A;CEBPB,EXPLORATORY -- NOT FDR-CORRECTED,K562-origin,0.05
gs_ind_0,Citrate cycle (TCA cycle),2/30,0.006350162568067782,0.16616258719777366,22.1633088656359,112.13027147212937,PC;ACO1,EXPLORATORY -- NOT FDR-CORRECTED,K562-origin,0.05
gs_ind_0,Protein Localization To Membrane (GO:0072657),4/189,0.007020947945742647,0.1763662123970553,6.180010198878123,30.64578705141687,FCHO2;P2RY1;MRAP2;TTC7B,EXPLORATORY -- NOT FDR-CORRECTED,K562-origin,0.05
gs_ind_0,Regulation Of Cell Adhesion Mediated By Integrin (GO:0033628),2/33,0.007647935975256624,0.18472706894081387,20.051104516979887,97.7154381319272,MUC1;PDE3B,EXPLORATORY -- NOT FDR-CORRECTED,K562-origin,0.05
gs_ind_0,Estrogen Response Early,4/198,0.008240688476557536,0.1861966970817861,5.892795108733412,28.277587269310768,AQP3;KRT8;KRT18;MUC1,EXPLORATORY -- NOT FDR-CORRECTED,K562-origin,0.05
gs_ind_0,Adipogenesis,4/200,0.008529386355493817,0.1861966970817861,5.832542466130253,27.787619635056643,CMBL;ARL4A;REEP6;CDKN2C,EXPLORATORY -- NOT FDR-CORRECTED,K562-origin,0.05
gs_ind_0,Regulation Of G1/S Transition Of Mitotic Cell Cycle (GO:2000045),3/105,0.008598255120018784,0.1861966970817861,8.663895158354569,41.20718340413571,ACVR1;GFI1B;CDKN2C,EXPLORATORY -- NOT FDR-CORRECTED,K562-origin,0.05
gs_ind_0,Platelet activation,3/124,0.013468965749628825,0.24278834546064754,7.305779743259014,31.468675110694978,F2RL3;P2RY1;TBXA2R,EXPLORATORY -- NOT FDR-CORRECTED,K562-origin,0.05
gs_ind_0,Coronavirus disease,4/230,0.01367543687559434,0.24278834546064754,5.056440546506772,21.703021437343956,CFD;RPL36A-HNRNPH2;RPL17-C18orf32;RPS10-NUDT3,EXPLORATORY -- NOT FDR-CORRECTED,K562-origin,0.05
gs_ind_0,Regulation Of Nervous System Development (GO:0051960),2/46,0.014495019532771318,0.24278834546064754,14.189144133631181,60.07612920336296,HES6;ELAPOR2,EXPLORATORY -- NOT FDR-CORRECTED,K562-origin,0.05
gs_ind_0,Positive Regulation Of Ras Protein Signal Transduction (GO:0046579),2/50,0.0169794953892693,0.24278834546064754,13.017681788981003,53.05680114484332,F2RL3;NTRK1,EXPLORATORY -- NOT FDR-CORRECTED,K562-origin,0.05
gs_ind_0,Positive Regulation Of Fat Cell Differentiation (GO:0045600),2/50,0.0169794953892693,0.24278834546064754,13.017681788981003,53.05680114484332,ZNF385A;CEBPB,EXPLORATORY -- NOT FDR-CORRECTED,K562-origin,0.05
gs_ind_0,Positive Regulation Of Protein Phosphorylation (GO:0001934),5/375,0.01739571050995933,0.24278834546064754,3.7880263055966665,15.347308375613824,NTRK1;FAXDC2;ACVR1;P2RY1;TOM1L1,EXPLORATORY -- NOT FDR-CORRECTED,K562-origin,0.05
gs_ind_0,Regulation Of Cell Development (GO:0060284),2/52,0.018284770761410236,0.24278834546064754,12.50154243911038,50.027256913604006,HES6;GFI1B,EXPLORATORY -- NOT FDR-CORRECTED,K562-origin,0.05
gs_ind_0,Regulation Of Macromolecule Biosynthetic Process (GO:0010556),2/53,0.01895284511835757,0.24278834546064754,12.258505949122757,48.614797855167694,TOM1L1;MITF,EXPLORATORY -- NOT FDR-CORRECTED,K562-origin,0.05
gs_ind_0,Ammonium Homeostasis (GO:0097272),1/5,0.019716841071713814,0.24278834546064754,83.7708947885939,328.9081673650147,RHCE,EXPLORATORY -- NOT FDR-CORRECTED,K562-origin,0.05
gs_ind_0,"Regulation Of DNA Damage Response, Signal Transduction By P53 Class Mediator Resulting In Transcription Of P21 Class Mediator (GO:1902162)",1/5,0.019716841071713814,0.24278834546064754,83.7708947885939,328.9081673650147,ZNF385A,EXPLORATORY -- NOT FDR-CORRECTED,K562-origin,0.05
gs_ind_0,Negative Regulation Of Lipoprotein Lipase Activity (GO:0051005),1/5,0.019716841071713814,0.24278834546064754,83.7708947885939,328.9081673650147,APOC1,EXPLORATORY -- NOT FDR-CORRECTED,K562-origin,0.05
gs_ind_0,Regulation Of Peptidyl-Cysteine S-nitrosylation (GO:2000169),1/5,0.019716841071713814,0.24278834546064754,83.7708947885939,328.9081673650147,SNTA1,EXPLORATORY -- NOT FDR-CORRECTED,K562-origin,0.05
gs_ind_0,Regulation Of Protein Depolymerization (GO:1901879),1/5,0.019716841071713814,0.24278834546064754,83.7708947885939,328.9081673650147,MAP1B,EXPLORATORY -- NOT FDR-CORRECTED,K562-origin,0.05
gs_ind_0,"Positive Regulation Of Wnt Signaling Pathway, Planar Cell Polarity Pathway (GO:2000096)",1/5,0.019716841071713814,0.24278834546064754,83.7708947885939,328.9081673650147,PLEKHA4,EXPLORATORY -- NOT FDR-CORRECTED,K562-origin,0.05
gs_ind_0,Myeloid Cell Differentiation (GO:0030099),2/57,0.02172593818553696,0.24278834546064754,11.37394070628492,43.55364452601279,KLF1;CEBPB,EXPLORATORY -- NOT FDR-CORRECTED,K562-origin,0.05
gs_ind_0,Phospholipid Transport (GO:0015914),2/57,0.02172593818553696,0.24278834546064754,11.37394070628492,43.55364452601279,APOC1;PRELID2,EXPLORATORY -- NOT FDR-CORRECTED,K562-origin,0.05
gs_ind_0,Neurotrophin TRK Receptor Signaling Pathway (GO:0048011),1/6,0.023613584676862955,0.24278834546064754,68.53821399839099,256.73956516182255,NTRK1,EXPLORATORY -- NOT FDR-CORRECTED,K562-origin,0.05
gs_ind_0,Actin Filament Reorganization (GO:0090527),1/6,0.023613584676862955,0.24278834546064754,68.53821399839099,256.73956516182255,CASS4,EXPLORATORY -- NOT FDR-CORRECTED,K562-origin,0.05
gs_ind_0,Membrane Invagination (GO:0010324),1/6,0.023613584676862955,0.24278834546064754,68.53821399839099,256.73956516182255,FCHO2,EXPLORATORY -- NOT FDR-CORRECTED,K562-origin,0.05
gs_ind_0,Membrane Biogenesis (GO:0044091),1/6,0.023613584676862955,0.24278834546064754,68.53821399839099,256.73956516182255,TLCD1,EXPLORATORY -- NOT FDR-CORRECTED,K562-origin,0.05
gs_ind_0,Ribosome,3/156,0.024598429055404988,0.24278834546064754,5.778394671593174,21.409372333788767,RPL36A-HNRNPH2;RPL17-C18orf32;RPS10-NUDT3,EXPLORATORY -- NOT FDR-CORRECTED,K562-origin,0.05
gs_ind_0,"Negative Regulation Of Complement Activation, Classical Pathway (GO:0045959)",1/7,0.02749492901463762,0.24278834546064754,57.99251191286589,208.4108037245233,CR1L,EXPLORATORY -- NOT FDR-CORRECTED,K562-origin,0.05
gs_ind_0,Neuroepithelial Cell Differentiation (GO:0060563),1/7,0.02749492901463762,0.24278834546064754,57.99251191286589,208.4108037245233,MAP1B,EXPLORATORY -- NOT FDR-CORRECTED,K562-origin,0.05
gs_ind_0,Regulation Of Response To Wounding (GO:1903034),1/7,0.02749492901463762,0.24278834546064754,57.99251191286589,208.4108037245233,TNFRSF12A,EXPLORATORY -- NOT FDR-CORRECTED,K562-origin,0.05
gs_ind_0,Protein Localization To Presynapse (GO:1905383),1/7,0.02749492901463762,0.24278834546064754,57.99251191286589,208.4108037245233,MAP1A,EXPLORATORY -- NOT FDR-CORRECTED,K562-origin,0.05
gs_ind_0,Regulation Of Myeloid Leukocyte Differentiation (GO:0002761),1/7,0.02749492901463762,0.24278834546064754,57.99251191286589,208.4108037245233,CEBPB,EXPLORATORY -- NOT FDR-CORRECTED,K562-origin,0.05
gs_ind_0,Anterograde Axonal Protein Transport (GO:0099641),1/7,0.02749492901463762,0.24278834546064754,57.99251191286589,208.4108037245233,MAP1A,EXPLORATORY -- NOT FDR-CORRECTED,K562-origin,0.05
gs_ind_0,Regulation Of DNA-templated Transcription In Response To Stress (GO:0043620),1/7,0.02749492901463762,0.24278834546064754,57.99251191286589,208.4108037245233,MUC1,EXPLORATORY -- NOT FDR-CORRECTED,K562-origin,0.05
gs_ind_0,Glycerol Transmembrane Transport (GO:0015793),1/7,0.02749492901463762,0.24278834546064754,57.99251191286589,208.4108037245233,AQP3,EXPLORATORY -- NOT FDR-CORRECTED,K562-origin,0.05
gs_ind_0,Glycine Metabolic Process (GO:0006544),1/7,0.02749492901463762,0.24278834546064754,57.99251191286589,208.4108037245233,RIDA,EXPLORATORY -- NOT FDR-CORRECTED,K562-origin,0.05
gs_ind_0,Axo-Dendritic Protein Transport (GO:0099640),1/7,0.02749492901463762,0.24278834546064754,57.99251191286589,208.4108037245233,MAP1A,EXPLORATORY -- NOT FDR-CORRECTED,K562-origin,0.05
gs_ind_0,Response To Vitamin D (GO:0033280),1/8,0.03136093458164518,0.24278834546064754,50.25899705014749,174.00631169981025,AQP3,EXPLORATORY -- NOT FDR-CORRECTED,K562-origin,0.05
gs_ind_0,Androgen Biosynthetic Process (GO:0006702),1/8,0.03136093458164518,0.24278834546064754,50.25899705014749,174.00631169981025,SRD5A3,EXPLORATORY -- NOT FDR-CORRECTED,K562-origin,0.05
gs_ind_0,Alcohol Catabolic Process (GO:0046164),1/8,0.03136093458164518,0.24278834546064754,50.25899705014749,174.00631169981025,SRD5A3,EXPLORATORY -- NOT FDR-CORRECTED,K562-origin,0.05
gs_ind_0,"Regulation Of Wnt Signaling Pathway, Planar Cell Polarity Pathway (GO:2000095)",1/8,0.03136093458164518,0.24278834546064754,50.25899705014749,174.00631169981025,PLEKHA4,EXPLORATORY -- NOT FDR-CORRECTED,K562-origin,0.05
gs_ind_0,Positive Regulation Of Blood Pressure (GO:0045777),1/8,0.03136093458164518,0.24278834546064754,50.25899705014749,174.00631169981025,TBXA2R,EXPLORATORY -- NOT FDR-CORRECTED,K562-origin,0.05
gs_ind_0,"DNA Damage Response, Signal Transduction By P53 Class Mediator Resulting In Transcription Of P21 Class Mediator (GO:0006978)",1/8,0.03136093458164518,0.24278834546064754,50.25899705014749,174.00631169981025,MUC1,EXPLORATORY -- NOT FDR-CORRECTED,K562-origin,0.05
gs_ind_0,Response To Vitamin (GO:0033273),1/8,0.03136093458164518,0.24278834546064754,50.25899705014749,174.00631169981025,AQP3,EXPLORATORY -- NOT FDR-CORRECTED,K562-origin,0.05
gs_ind_0,Regulation Of Cell Killing (GO:0031341),1/8,0.03136093458164518,0.24278834546064754,50.25899705014749,174.00631169981025,CR1L,EXPLORATORY -- NOT FDR-CORRECTED,K562-origin,0.05
gs_ind_0,"Regulation Of Complement Activation, Classical Pathway (GO:0030450)",1/8,0.03136093458164518,0.24278834546064754,50.25899705014749,174.00631169981025,CR1L,EXPLORATORY -- NOT FDR-CORRECTED,K562-origin,0.05
gs_ind_0,Regulation Of DNA-templated Transcription Initiation (GO:2000142),1/8,0.03136093458164518,0.24278834546064754,50.25899705014749,174.00631169981025,MITF,EXPLORATORY -- NOT FDR-CORRECTED,K562-origin,0.05
gs_ind_0,Regulation Of RNA Biosynthetic Process (GO:2001141),1/8,0.03136093458164518,0.24278834546064754,50.25899705014749,174.00631169981025,MITF,EXPLORATORY -- NOT FDR-CORRECTED,K562-origin,0.05
gs_ind_0,Negative Regulation Of Lipase Activity (GO:0060192),1/8,0.03136093458164518,0.24278834546064754,50.25899705014749,174.00631169981025,APOC1,EXPLORATORY -- NOT FDR-CORRECTED,K562-origin,0.05
gs_ind_0,Negative Regulation Of cAMP-mediated Signaling (GO:0043951),1/8,0.03136093458164518,0.24278834546064754,50.25899705014749,174.00631169981025,PDE3B,EXPLORATORY -- NOT FDR-CORRECTED,K562-origin,0.05
gs_ind_0,Negative Regulation Of Mitotic Nuclear Division (GO:0045839),1/8,0.03136093458164518,0.24278834546064754,50.25899705014749,174.00631169981025,TOM1L1,EXPLORATORY -- NOT FDR-CORRECTED,K562-origin,0.05
gs_ind_0,Regulation Of Cellular Biosynthetic Process (GO:0031326),2/70,0.03179397370486277,0.24278834546064754,9.21256687387641,31.76933891681881,TOM1L1;MITF,EXPLORATORY -- NOT FDR-CORRECTED,K562-origin,0.05
gs_ind_0,Negative Regulation Of Catabolic Process (GO:0009895),2/72,0.03347807775370931,0.24278834546064754,8.950796557021697,30.40464262169679,APOC1;PDE3B,EXPLORATORY -- NOT FDR-CORRECTED,K562-origin,0.05
gs_ind_0,Negative Regulation Of Cell Adhesion (GO:0007162),2/72,0.03347807775370931,0.24278834546064754,8.950796557021697,30.40464262169679,MUC1;PDE3B,EXPLORATORY -- NOT FDR-CORRECTED,K562-origin,0.05
gs_ind_0,Regulation Of Nucleic Acid-Templated Transcription (GO:1903506),5/451,0.03472384081115152,0.24278834546064754,3.137599253001695,10.543365047588225,HES6;MITF;CEBPB;TESMIN;KLF1,EXPLORATORY -- NOT FDR-CORRECTED,K562-origin,0.05
gs_ind_0,Cholesterol Homeostasis,2/74,0.035196357048299105,0.24278834546064754,8.703468740407244,29.12887966814463,S100A11;TNFRSF12A,EXPLORATORY -- NOT FDR-CORRECTED,K562-origin,0.05
gs_ind_0,"DNA Damage Response, Signal Transduction Resulting In Transcription (GO:0042772)",1/9,0.035211661638238974,0.24278834546064754,44.34513274336283,148.39557461080244,MUC1,EXPLORATORY -- NOT FDR-CORRECTED,K562-origin,0.05
gs_ind_0,Nerve Growth Factor Signaling Pathway (GO:0038180),1/9,0.035211661638238974,0.24278834546064754,44.34513274336283,148.39557461080244,NTRK1,EXPLORATORY -- NOT FDR-CORRECTED,K562-origin,0.05
gs_ind_0,Regulation Of Complement-Dependent Cytotoxicity (GO:1903659),1/9,0.035211661638238974,0.24278834546064754,44.34513274336283,148.39557461080244,CR1L,EXPLORATORY -- NOT FDR-CORRECTED,K562-origin,0.05
gs_ind_0,Positive Regulation Of Epidermis Development (GO:0045684),1/9,0.035211661638238974,0.24278834546064754,44.34513274336283,148.39557461080244,ELAPOR2,EXPLORATORY -- NOT FDR-CORRECTED,K562-origin,0.05
gs_ind_0,Negative Regulation Of Humoral Immune Response Mediated By Circulating Immunoglobulin (GO:0002924),1/9,0.035211661638238974,0.24278834546064754,44.34513274336283,148.39557461080244,CR1L,EXPLORATORY -- NOT FDR-CORRECTED,K562-origin,0.05
gs_ind_0,Regulation Of Complement Activation (GO:0030449),1/9,0.035211661638238974,0.24278834546064754,44.34513274336283,148.39557461080244,CR1L,EXPLORATORY -- NOT FDR-CORRECTED,K562-origin,0.05
gs_ind_0,Quinone Metabolic Process (GO:1901661),1/9,0.035211661638238974,0.24278834546064754,44.34513274336283,148.39557461080244,NQO2,EXPLORATORY -- NOT FDR-CORRECTED,K562-origin,0.05
gs_ind_0,Negative Regulation Of Transcription By Competitive Promoter Binding (GO:0010944),1/9,0.035211661638238974,0.24278834546064754,44.34513274336283,148.39557461080244,MUC1,EXPLORATORY -- NOT FDR-CORRECTED,K562-origin,0.05
gs_ind_0,Cellular Response To Purine-Containing Compound (GO:0071415),1/9,0.035211661638238974,0.24278834546064754,44.34513274336283,148.39557461080244,P2RY1,EXPLORATORY -- NOT FDR-CORRECTED,K562-origin,0.05
gs_ind_0,Regulation Of Fat Cell Differentiation (GO:0045598),2/75,0.03606811169136523,0.24278834546064754,8.584852338561538,28.521851000822064,ZNF385A;CEBPB,EXPLORATORY -- NOT FDR-CORRECTED,K562-origin,0.05
gs_ind_0,Negative Regulation Of Protein Modification Process (GO:0031400),2/76,0.03694817027319449,0.24278834546064754,8.469420269651286,27.934173526475185,SNTA1;BEX4,EXPLORATORY -- NOT FDR-CORRECTED,K562-origin,0.05
gs_ind_0,Cell Morphogenesis Involved In Neuron Differentiation (GO:0048667),2/77,0.03783645386597065,0.24278834546064754,8.357046003890973,27.36499882800849,MAP1A;MAP1B,EXPLORATORY -- NOT FDR-CORRECTED,K562-origin,0.05
gs_ind_0,Monoatomic Cation Homeostasis (GO:0055080),2/77,0.03783645386597065,0.24278834546064754,8.357046003890973,27.36499882800849,TESMIN;CIB2,EXPLORATORY -- NOT FDR-CORRECTED,K562-origin,0.05
gs_ind_0,Very-Low-Density Lipoprotein Particle Assembly (GO:0034379),1/10,0.03904717020943535,0.24278834546064754,39.67629250116442,128.66961632458796,APOC1,EXPLORATORY -- NOT FDR-CORRECTED,K562-origin,0.05
gs_ind_0,Neuron Projection Maintenance (GO:1990535),1/10,0.03904717020943535,0.24278834546064754,39.67629250116442,128.66961632458796,MAP1A,EXPLORATORY -- NOT FDR-CORRECTED,K562-origin,0.05
gs_ind_0,Megakaryocyte Development (GO:0035855),1/10,0.03904717020943535,0.24278834546064754,39.67629250116442,128.66961632458796,ZNF385A,EXPLORATORY -- NOT FDR-CORRECTED,K562-origin,0.05
gs_ind_0,Positive Regulation Of Non-Canonical Wnt Signaling Pathway (GO:2000052),1/10,0.03904717020943535,0.24278834546064754,39.67629250116442,128.66961632458796,PLEKHA4,EXPLORATORY -- NOT FDR-CORRECTED,K562-origin,0.05
gs_ind_0,Negative Regulation Of Cholesterol Transport (GO:0032375),1/10,0.03904717020943535,0.24278834546064754,39.67629250116442,128.66961632458796,APOC1,EXPLORATORY -- NOT FDR-CORRECTED,K562-origin,0.05
gs_ind_0,Negative Regulation Of Nuclear Division (GO:0051784),1/10,0.03904717020943535,0.24278834546064754,39.67629250116442,128.66961632458796,TOM1L1,EXPLORATORY -- NOT FDR-CORRECTED,K562-origin,0.05
gs_ind_0,Positive Regulation Of Transcription From RNA Polymerase II Promoter In Response To Endoplasmic Reticulum Stress (GO:1990440),1/10,0.03904717020943535,0.24278834546064754,39.67629250116442,128.66961632458796,CEBPB,EXPLORATORY -- NOT FDR-CORRECTED,K562-origin,0.05
gs_ind_0,tRNA Threonylcarbamoyladenosine Metabolic Process (GO:0070525),1/10,0.03904717020943535,0.24278834546064754,39.67629250116442,128.66961632458796,LAGE3,EXPLORATORY -- NOT FDR-CORRECTED,K562-origin,0.05
gs_ind_0,Ammonium Transmembrane Transport (GO:0072488),1/10,0.03904717020943535,0.24278834546064754,39.67629250116442,128.66961632458796,RHCE,EXPLORATORY -- NOT FDR-CORRECTED,K562-origin,0.05
gs_ind_0,Detection Of Light Stimulus Involved In Sensory Perception (GO:0050962),1/11,0.04286752008582728,0.24306239364409865,35.89675516224189,113.0618863465096,REEP6,EXPLORATORY -- NOT FDR-CORRECTED,K562-origin,0.05
gs_ind_0,Cellular Response To Thyroid Hormone Stimulus (GO:0097067),1/11,0.04286752008582728,0.24306239364409865,35.89675516224189,113.0618863465096,LMO2,EXPLORATORY -- NOT FDR-CORRECTED,K562-origin,0.05
gs_ind_0,Phospholipid Efflux (GO:0033700),1/11,0.04286752008582728,0.24306239364409865,35.89675516224189,113.0618863465096,APOC1,EXPLORATORY -- NOT FDR-CORRECTED,K562-origin,0.05
gs_ind_0,Negative Regulation Of Microtubule Polymerization (GO:0031115),1/11,0.04286752008582728,0.24306239364409865,35.89675516224189,113.0618863465096,TUBB4A,EXPLORATORY -- NOT FDR-CORRECTED,K562-origin,0.05
gs_ind_0,Melanocyte Differentiation (GO:0030318),1/11,0.04286752008582728,0.24306239364409865,35.89675516224189,113.0618863465096,MITF,EXPLORATORY -- NOT FDR-CORRECTED,K562-origin,0.05
gs_ind_0,Detection Of Light Stimulus Involved In Visual Perception (GO:0050908),1/11,0.04286752008582728,0.24306239364409865,35.89675516224189,113.0618863465096,REEP6,EXPLORATORY -- NOT FDR-CORRECTED,K562-origin,0.05
gs_ind_0,Phospholipase C-activating G Protein-Coupled Receptor Signaling Pathway (GO:0007200),2/83,0.04333452206336964,0.24306239364409865,7.740711073892702,24.2965879273034,F2RL3;P2RY1,EXPLORATORY -- NOT FDR-CORRECTED,K562-origin,0.05
gs_ind_0,IL-2/STAT5 Signaling,3/198,0.04483169360996388,0.24306239364409865,4.532511356262168,14.07272230117183,ARL4A;MUC1;IFITM3,EXPLORATORY -- NOT FDR-CORRECTED,K562-origin,0.05
gs_ind_0,Xenobiotic Metabolism,3/199,0.045389563057144075,0.24306239364409865,4.509338802172344,13.94500889477716,HES6;PROS1;PC,EXPLORATORY -- NOT FDR-CORRECTED,K562-origin,0.05
gs_ind_0,Complement,3/200,0.04595088554498646,0.24306239364409865,4.4864009068581145,13.81893202891533,APOC1;ZFPM2;CEBPB,EXPLORATORY -- NOT FDR-CORRECTED,K562-origin,0.05
gs_ind_0,Positive Regulation Of Protein Localization To Cell Surface (GO:2000010),1/12,0.0466727708244945,0.24306239364409865,32.774528664871106,100.44063537725584,MAP1A,EXPLORATORY -- NOT FDR-CORRECTED,K562-origin,0.05
gs_ind_0,Oligosaccharide-Lipid Intermediate Biosynthetic Process (GO:0006490),1/12,0.0466727708244945,0.24306239364409865,32.774528664871106,100.44063537725584,SRD5A3,EXPLORATORY -- NOT FDR-CORRECTED,K562-origin,0.05
gs_ind_0,Organophosphate Catabolic Process (GO:0046434),1/12,0.0466727708244945,0.24306239364409865,32.774528664871106,100.44063537725584,PLBD1,EXPLORATORY -- NOT FDR-CORRECTED,K562-origin,0.05
gs_ind_0,Negative Regulation Of Complement Activation (GO:0045916),1/12,0.0466727708244945,0.24306239364409865,32.774528664871106,100.44063537725584,CR1L,EXPLORATORY -- NOT FDR-CORRECTED,K562-origin,0.05
gs_ind_0,Phospholipid Homeostasis (GO:0055091),1/12,0.0466727708244945,0.24306239364409865,32.774528664871106,100.44063537725584,TLCD1,EXPLORATORY -- NOT FDR-CORRECTED,K562-origin,0.05
gs_ind_0,Response To Thyroid Hormone (GO:0097066),1/12,0.0466727708244945,0.24306239364409865,32.774528664871106,100.44063537725584,LMO2,EXPLORATORY -- NOT FDR-CORRECTED,K562-origin,0.05
gs_ind_0,Regulation Of Transcription From RNA Polymerase II Promoter In Response To Stress (GO:0043618),1/12,0.0466727708244945,0.24306239364409865,32.774528664871106,100.44063537725584,MUC1,EXPLORATORY -- NOT FDR-CORRECTED,K562-origin,0.05
gs_ind_0,Positive Regulation Of Vasoconstriction (GO:0045907),1/12,0.0466727708244945,0.24306239364409865,32.774528664871106,100.44063537725584,TBXA2R,EXPLORATORY -- NOT FDR-CORRECTED,K562-origin,0.05
gs_ind_0,Cardiac Right Ventricle Morphogenesis (GO:0003215),1/12,0.0466727708244945,0.24306239364409865,32.774528664871106,100.44063537725584,ZFPM2,EXPLORATORY -- NOT FDR-CORRECTED,K562-origin,0.05
